,Social_link
0,https://twitter.com/sytses
1,https://gitlab.com/sytses
2,https://twitter.com/maxlazio
3,https://gitlab.com/marin
4,https://twitter.com/dzaporozhets
5,https://gitlab.com/dzaporozhets
6,https://twitter.com/razer6
7,https://gitlab.com/razer6
8,https://twitter.com/jacobvosmaer
9,https://gitlab.com/jacobvosmaer-gitlab
10,https://twitter.com/haydnmackay
11,https://gitlab.com/Haydn
12,https://twitter.com/Sizov_Valeriy
13,https://gitlab.com/vsizov
14,https://twitter.com/DouweM
15,https://gitlab.com/DouweM
16,https://twitter.com/rspeicher
17,https://gitlab.com/rspeicher
18,https://twitter.com/ayufanpl
19,https://gitlab.com/ayufan
20,https://gitlab.com/wilsonlau
21,https://twitter.com/catchthepidge
22,https://gitlab.com/rpidgeon
23,https://twitter.com/pmanjr311
24,https://gitlab.com/philcamillo
25,https://twitter.com/khoslaventures
26,https://twitter.com/emilylucie
27,https://gitlab.com/emily
28,https://twitter.com/pmachle
29,https://gitlab.com/pmachle1
30,https://twitter.com/drewblessing
31,https://gitlab.com/dblessing
32,https://twitter.com/yorickpeterse
33,https://gitlab.com/yorickpeterse
34,https://twitter.com/rdavila
35,https://gitlab.com/rdavila
36,https://twitter.com/brodock
37,https://gitlab.com/brodock
38,https://twitter.com/GrzegorzBizon
39,https://gitlab.com/grzesiek
40,https://twitter.com/dbalexandre
41,https://gitlab.com/dbalexandre
42,https://twitter.com/_axil
43,https://gitlab.com/axil
44,https://twitter.com/TomaszMaczukin
45,https://gitlab.com/tmaczukin
46,https://twitter.com/rymai
47,https://gitlab.com/rymai
48,https://twitter.com/lukebabb
49,https://gitlab.com/lukebabb
50,https://twitter.com/jlopezofficial
51,https://gitlab.com/jameslopez
52,https://twitter.com/timouit
53,https://gitlab.com/teemo
54,https://gitlab.com/kirstenabma
55,https://twitter.com/zjvandeweg
56,https://gitlab.com/zj
57,https://twitter.com/iamphill
58,https://gitlab.com/iamphill
59,https://twitter.com/FelipeArtur
60,https://gitlab.com/felipe_artur
61,https://twitter.com/twk3
62,https://gitlab.com/twk3
63,https://twitter.com/annabeldunstone
64,https://gitlab.com/annabeldunstone
65,https://twitter.com/therebbie
66,https://gitlab.com/xyzzy
67,https://twitter.com/stanhu
68,https://gitlab.com/stanhu
69,https://twitter.com/MarkPundsack
70,https://gitlab.com/markpundsack
71,https://twitter.com/mcgivernsa
72,https://gitlab.com/smcgivern
73,https://gitlab.com/markglenfletcher
74,https://twitter.com/ChristianCouder
75,https://gitlab.com/chriscool
76,https://twitter.com/XMDRamos
77,https://gitlab.com/marcia
78,https://twitter.com/fatihacet
79,https://gitlab.com/fatihacet
80,https://twitter.com/eliran_mesika
81,https://gitlab.com/eliran.mesika
82,https://twitter.com/MikeJohnWalsh
83,https://gitlab.com/MikeWalsh
84,https://twitter.com/godfat
85,https://gitlab.com/godfat
86,https://twitter.com/northrup
87,https://gitlab.com/northrup
88,https://twitter.com/eReGeBe
89,https://gitlab.com/eReGeBe
90,https://twitter.com/__lukebennett
91,https://gitlab.com/lbennett
92,https://gitlab.com/brittanyr
93,https://twitter.com/ChrisPeressini
94,https://gitlab.com/cperessini
95,https://twitter.com/tauried
96,https://gitlab.com/tauriedavis
97,https://twitter.com/purrdeta
98,https://gitlab.com/ahanselka
99,https://twitter.com/Melissa52201593
100,https://gitlab.com/melissa3
101,https://twitter.com/_julie_manalo
102,https://gitlab.com/julie_manalo
103,https://twitter.com/ahmadsherif
104,https://gitlab.com/ahmadsherif
105,https://twitter.com/sarki247
106,https://gitlab.com/abuango
107,https://gitlab.com/nick.thomas
108,https://twitter.com/arihantar
109,https://gitlab.com/arihantar
110,https://twitter.com/Gl0balGypsy
111,https://gitlab.com/jjcordz
112,https://twitter.com/dimitrieh
113,https://gitlab.com/dimitrieh
114,https://twitter.com/N/A
115,https://gitlab.com/francisaquino
116,https://twitter.com/EricaLindberg_
117,https://gitlab.com/lindberg
118,https://twitter.com/mikegreiling
119,https://gitlab.com/mikegreiling
120,https://twitter.com/atharhameed
121,https://gitlab.com/athar
122,https://twitter.com/pedromscom
123,https://gitlab.com/pedroms
124,https://twitter.com/FilipaLacerda
125,https://gitlab.com/filipa
126,https://twitter.com/techpretender
127,https://gitlab.com/jdrumtra
128,https://twitter.com/KylaGradin
129,https://gitlab.com/kyla
130,https://gitlab.com/elsje
131,https://twitter.com/jamedjo
132,https://gitlab.com/jamedjo
133,https://twitter.com/WarheadsSE
134,https://gitlab.com/WarheadsSE
135,https://twitter.com/emvonhoffmann
136,https://gitlab.com/evhoffmann
137,https://twitter.com/ClemMakesApps
138,https://gitlab.com/ClemMakesApps
139,https://twitter.com/leematos
140,https://gitlab.com/lbot
141,https://gitlab.com/ibaum
142,https://twitter.com/cinnnnnnnnnnndy
143,https://gitlab.com/cindy
144,https://twitter.com/Kushal_Pandya
145,https://gitlab.com/kushalpandya
146,https://gitlab.com/jivanvl
147,https://gitlab.com/rebecca
148,https://gitlab.com/sarahod
149,https://twitter.com/ja_me_sk
150,https://gitlab.com/ja-me-sk
151,https://twitter.com/cbalasankar
152,https://gitlab.com/balasankarc
153,https://twitter.com/matteeyah
154,https://gitlab.com/matteeyah
155,https://twitter.com/harishsr
156,https://gitlab.com/harishsr
157,https://twitter.com/collenkriel
158,https://gitlab.com/collen
159,https://twitter.com/to1ne
160,https://gitlab.com/toon
161,https://twitter.com/jajina_k
162,https://gitlab.com/jarka
163,https://gitlab.com/xiaogang_gitlab
164,https://twitter.com/olsfer
165,https://gitlab.com/oswaldo
166,https://gitlab.com/joshlambert
167,https://twitter.com/MadLittleMods
168,https://gitlab.com/madlittlemods
169,https://gitlab.com/bjk-gitlab
170,https://twitter.com/suprememoocow
171,https://gitlab.com/andrewn
172,https://gitlab.com/PTMJR
173,https://twitter.com/psimyn
174,https://gitlab.com/psimyn
175,https://twitter.com/adam31johnson
176,https://gitlab.com/adamjohnson
177,https://gitlab.com/jmay
178,https://gitlab.com/amulvany
179,https://twitter.com/adamsolson
180,https://gitlab.com/aolson
181,https://twitter.com/bobvlanduyt
182,https://gitlab.com/reprazent
183,https://gitlab.com/pauldalmeida
184,https://twitter.com/blackst0ne
185,https://gitlab.com/blackst0ne
186,https://twitter.com/glsimonabw
187,https://gitlab.com/simonwill
188,https://gitlab.com/klawrence
189,https://twitter.com/ConorFBrady
190,https://gitlab.com/Cbrady
191,https://twitter.com/drachanya
192,https://gitlab.com/chloe
193,https://twitter.com/McGuilicutty
194,https://gitlab.com/bcaldwell
195,https://twitter.com/prof_wafflez
196,https://gitlab.com/jburton
197,https://twitter.com/tpmtim
198,https://gitlab.com/timzallmann
199,https://gitlab.com/mkozono
200,https://gitlab.com/winh
201,https://twitter.com/LarryBiegel
202,https://gitlab.com/Larry-GitLab
203,https://twitter.com/JohnWoods06
204,https://gitlab.com/jwoods06
205,https://gitlab.com/jbroussard
206,https://twitter.com/ckatanda
207,https://gitlab.com/ckatanda
208,https://gitlab.com/davidpthomas
209,https://twitter.com/dosuken123
210,https://gitlab.com/dosuken123
211,https://twitter.com/vhernandez
212,https://gitlab.com/vehernandez
213,https://twitter.com/MDGitLab
214,https://gitlab.com/mdoerfler
215,https://twitter.com/__jarv__
216,https://gitlab.com/jarv
217,https://twitter.com/hurewitzjamie
218,https://gitlab.com/jhurewitz
219,https://twitter.com/lmaugustin
220,https://twitter.com/nolith
221,https://gitlab.com/nolith
222,https://twitter.com/JoelKroos
223,https://gitlab.com/jkrooswyk
224,https://twitter.com/micaelbergeron
225,https://gitlab.com/mbergeron
226,https://twitter.com/jaciezoerb
227,https://gitlab.com/jzoerb
228,https://twitter.com/nrochoa
229,https://gitlab.com/nicoochoa
230,https://gitlab.com/davinwalker
231,https://gitlab.com/csotomango
232,https://twitter.com/jamesramsay
233,https://gitlab.com/jramsay
234,https://twitter.com/mauichief
235,https://gitlab.com/cdmaurer13
236,https://gitlab.com/astrachan
237,https://gitlab.com/ccornacchia
238,https://gitlab.com/edjdev
239,https://gitlab.com/LaniceSims
240,https://twitter.com/fjsanpedro
241,https://gitlab.com/fjsanpedro
242,https://twitter.com/AricBuerer
243,https://gitlab.com/abuerer
244,https://twitter.com/thewilliamchia
245,https://gitlab.com/williamchia
246,https://twitter.com/may_cabrera
247,https://gitlab.com/mayra-cabrera
248,https://twitter.com/olearycrew
249,https://gitlab.com/brendan
250,https://twitter.com/rubyjunkie
251,https://gitlab.com/digitalmoksha
252,https://twitter.com/wangkathy
253,https://gitlab.com/kathyw
254,https://twitter.com/jimriley
255,https://gitlab.com/jrileyinva
256,https://twitter.com/nadiavat
257,https://gitlab.com/vatalidis
258,https://twitter.com/hannahschuler8
259,https://gitlab.com/hschuler
260,https://gitlab.com/agunter
261,https://gitlab.com/jprovaznik
262,https://gitlab.com/gronk
263,https://gitlab.com/jkalimon
264,https://twitter.com/bwilliamson_GL
265,https://gitlab.com/bwilliamson
266,https://twitter.com/pauleduffy
267,https://gitlab.com/paulduffy
268,https://gitlab.com/mhamilton
269,https://gitlab.com/apestreich
270,https://gitlab.com/tpresa
271,https://twitter.com/disastor242
272,https://gitlab.com/disastor
273,https://twitter.com/okoghenun
274,https://gitlab.com/okoghenun
275,https://gitlab.com/pharlan
276,https://twitter.com/katokpara
277,https://gitlab.com/katokpara
278,https://gitlab.com/justinhaley
279,https://gitlab.com/rkompare
280,https://twitter.com/craig_pepper1
281,https://gitlab.com/cpepper
282,https://gitlab.com/jritchey
283,https://twitter.com/_namho
284,https://gitlab.com/namhokim
285,https://twitter.com/tipyn2903
286,https://gitlab.com/tipyn
287,https://twitter.com/arickaflowers
288,https://gitlab.com/atflowers
289,https://twitter.com/k33g_org
290,https://gitlab.com/k33g
291,https://twitter.com/jacopobeschi
292,https://gitlab.com/jacopo-beschi
293,https://twitter.com/lkozloff
294,https://gitlab.com/lkozloff
295,https://gitlab.com/dstanley
296,https://twitter.com/videmsky
297,https://gitlab.com/videmsky
298,https://gitlab.com/jmiklos
299,https://twitter.com/plafoucriere
300,https://gitlab.com/plafoucriere
301,https://twitter.com/gonzoyumo
302,https://gitlab.com/gonzoyumo
303,https://gitlab.com/fcatteau
304,https://gitlab.com/abrandl
305,https://twitter.com/tayloramurphy
306,https://gitlab.com/tayloramurphy
307,https://twitter.com/mdelaossa
308,https://gitlab.com/mdelaossa
309,https://twitter.com/tjscaf11
310,https://gitlab.com/tonyscaf
311,https://twitter.com/kuthiala
312,https://gitlab.com/kuthiala
313,https://twitter.com/andr3
314,https://gitlab.com/andr3
315,https://gitlab.com/DylanGriffith
316,https://gitlab.com/suripatel
317,https://gitlab.com/atanayno
318,https://twitter.com/gitJeremy
319,https://gitlab.com/jeremy
320,https://gitlab.com/jbushong
321,https://twitter.com/vgoetz1
322,https://gitlab.com/vgoetz1
323,https://gitlab.com/avolianiuk
324,https://twitter.com/Krist_McG
325,https://gitlab.com/kristmcg
326,https://twitter.com/bill_duncan
327,https://gitlab.com/bill_duncan
328,https://twitter.com/tangdennis
329,https://gitlab.com/dennis
330,https://twitter.com/leipert_io
331,https://gitlab.com/leipert
332,https://twitter.com/thechasewright
333,https://gitlab.com/wwright
334,https://twitter.com/zmikemiranda
335,https://gitlab.com/mikemiranda
336,https://twitter.com/djsumenkovic
337,https://gitlab.com/sumenkovic
338,https://gitlab.com/Piaseczna
339,https://twitter.com/av_mimmo
340,https://gitlab.com/amimmo
341,https://twitter.com/j_jeremiah
342,https://gitlab.com/johnjeremiah
343,https://twitter.com/mekdev
344,https://gitlab.com/meks
345,https://twitter.com/ljbanks
346,https://gitlab.com/lbanks
347,https://gitlab.com/mowry
348,https://twitter.com/BorivojeTasovac
349,https://gitlab.com/borivoje
350,https://twitter.com/atiaxi
351,https://gitlab.com/rostrander
352,https://gitlab.com/j.collins
353,https://twitter.com/dbgordon
354,https://gitlab.com/dangordon
355,https://gitlab.com/msnow1
356,https://gitlab.com/jarmendariz
357,https://gitlab.com/mrjkc
358,https://gitlab.com/deandre
359,https://twitter.com/cesariomj
360,https://gitlab.com/mcesario
361,https://gitlab.com/LisavandeKooij
362,https://gitlab.com/apshegodskaya
363,https://twitter.com/daisymiclat
364,https://gitlab.com/dmiclat
365,https://twitter.com/awsaba
366,https://gitlab.com/asaba
367,https://twitter.com/ashmckenzie
368,https://gitlab.com/ashmckenzie
369,https://gitlab.com/dhavens
370,https://twitter.com/matejlatin
371,https://gitlab.com/matejlatin
372,https://gitlab.com/iroussos
373,https://twitter.com/jaaaaarek
374,https://gitlab.com/jareko
375,https://gitlab.com/gyoo
376,https://twitter.com/miketechnically
377,https://gitlab.com/mikelewis
378,https://gitlab.com/pslaughter
379,https://twitter.com/danielgruesso
380,https://gitlab.com/danielgruesso
381,https://twitter.com/mbeadle_gitlab
382,https://gitlab.com/mbeadle
383,https://twitter.com/brianwald
384,https://gitlab.com/brianwald
385,https://gitlab.com/spestorich
386,https://gitlab.com/dawsmith
387,https://gitlab.com/mmcb
388,https://twitter.com/lulalala_it
389,https://gitlab.com/lulalala
390,https://gitlab.com/ifarkas
391,https://gitlab.com/awinata
392,https://gitlab.com/wayne_zhao
393,https://twitter.com/samdbeckham
394,https://gitlab.com/samdbeckham
395,https://gitlab.com/wvandenberg
396,https://twitter.com/AgnesOetama
397,https://gitlab.com/aoetama
398,https://gitlab.com/tcooney
399,https://twitter.com/seanbillow
400,https://gitlab.com/sbillow
401,https://twitter.com/vilius
402,https://gitlab.com/kavas
403,https://gitlab.com/lblanchard
404,https://twitter.com/cblake2000
405,https://gitlab.com/cblake
406,https://gitlab.com/aciciu
407,https://twitter.com/heyandyvolpe
408,https://gitlab.com/andyvolpe
409,https://gitlab.com/leopardm
410,https://gitlab.com/tlapiana
411,https://twitter.com/devinsylva
412,https://gitlab.com/dsylva
413,https://gitlab.com/glopezfernandez
414,https://gitlab.com/Alexissh
415,https://gitlab.com/mstangl
416,https://twitter.com/emilieschario
417,https://gitlab.com/emilie
418,https://twitter.com/walexturner
419,https://gitlab.com/aturner2
420,https://gitlab.com/stephaniegarza
421,https://twitter.com/TheRealArty
422,https://gitlab.com/cynthia
423,https://twitter.com/shanerice
424,https://gitlab.com/shanerice
425,https://gitlab.com/kimlock
426,https://twitter.com/_Kaleb_Hill
427,https://gitlab.com/kalebhill
428,https://twitter.com/sircapsalot
429,https://gitlab.com/ddavison
430,https://twitter.com/joycetompsett
431,https://gitlab.com/Tompsett
432,https://gitlab.com/gitlabkevin
433,https://twitter.com/ehxor
434,https://gitlab.com/erushton
435,https://twitter.com/t_sturgis
436,https://gitlab.com/TinaS
437,https://gitlab.com/lankhanh28
438,https://gitlab.com/jdavidson
439,https://twitter.com/rspaik
440,https://gitlab.com/rpaik
441,https://twitter.com/pritianka
442,https://gitlab.com/pritianka
443,https://twitter.com/eagllus
444,https://gitlab.com/eagllus
445,https://twitter.com/marckriz59
446,https://gitlab.com/marckriz
447,https://twitter.com/ALMWiz
448,https://gitlab.com/ALMWiz
449,https://gitlab.com/SteveAzz
450,https://twitter.com/j4lenn
451,https://gitlab.com/jlenny
452,https://twitter.com/mrtristanw
453,https://gitlab.com/tjwilliams
454,https://twitter.com/gitlabpete
455,https://gitlab.com/praumann
456,https://twitter.com/jeromeuy-oyaye
457,https://gitlab.com/jeromeuy
458,https://twitter.com/thongkuah
459,https://gitlab.com/tkuah
460,https://twitter.com/ctbarrett
461,https://gitlab.com/ctbarrett
462,https://gitlab.com/skarbek
463,https://twitter.com/sarah_harkness
464,https://gitlab.com/sharkness
465,https://twitter.com/mdlap
466,https://gitlab.com/mlapierre
467,https://twitter.com/keybits
468,https://gitlab.com/keybits
469,https://gitlab.com/dfishis1
470,https://gitlab.com/adrielsantiago
471,https://gitlab.com/jurbanc
472,https://gitlab.com/dtacheny
473,https://twitter.com/KevinPursel1
474,https://gitlab.com/kpursel
475,https://gitlab.com/wchandler
476,https://gitlab.com/mhuseinbasic
477,https://gitlab.com/pkunkli
478,https://gitlab.com/Brandy
479,https://gitlab.com/mjwalsh
480,https://twitter.com/atramya
481,https://gitlab.com/at.ramya
482,https://twitter.com/brandoncjung
483,https://gitlab.com/bjung
484,https://twitter.com/sanadliaquat
485,https://gitlab.com/sliaquat
486,https://twitter.com/codyww
487,https://gitlab.com/cody
488,https://twitter.com/jcolyer2007
489,https://gitlab.com/jcolyer
490,https://twitter.com/blairlunce
491,https://gitlab.com/blunceford
492,https://twitter.com/yeah_itswally
493,https://gitlab.com/wzabaglio
494,https://gitlab.com/mrobinson
495,https://twitter.com/mjacobson1003
496,https://gitlab.com/rmarshall
497,https://gitlab.com/wortschi
498,https://twitter.com/jackiegrag
499,https://gitlab.com/jgragnola
500,https://gitlab.com/zkovacs
501,https://gitlab.com/eread
502,https://gitlab.com/aamarsanaa
503,https://gitlab.com/mfarber
504,https://twitter.com/sethengelhard
505,https://gitlab.com/sengelhard
506,https://twitter.com/dplanella
507,https://gitlab.com/dplanella
508,https://gitlab.com/emilyluehrs
509,https://gitlab.com/lmcandrew
510,https://gitlab.com/rnienaber
511,https://twitter.com/mynameistrust
512,https://gitlab.com/togor
513,https://gitlab.com/dappelt
514,https://twitter.com/splattael
515,https://gitlab.com/splattael
516,https://gitlab.com/adietrich
517,https://gitlab.com/matthew.donovan
518,https://twitter.com/carowangar
519,https://gitlab.com/cwainaina
520,https://gitlab.com/ameliabauerly
521,https://gitlab.com/jbeauregard
522,https://twitter.com/shawnruu
523,https://gitlab.com/shawnwinters
524,https://twitter.com/rassiejakes
525,https://gitlab.com/jerasmus
526,https://twitter.com/gtsiolis
527,https://gitlab.com/gtsiolis
528,https://twitter.com/shawnsichak
529,https://gitlab.com/ssichak
530,https://twitter.com/hughchristey
531,https://gitlab.com/hchristey
532,https://twitter.com/amandamrueda
533,https://gitlab.com/amandarueda
534,https://gitlab.com/kmurdock
535,https://twitter.com/obsidianspork
536,https://gitlab.com/dcoy1
537,https://gitlab.com/estrike
538,https://gitlab.com/epetreska
539,https://gitlab.com/cheriholmes
540,https://gitlab.com/acarella
541,https://twitter.com/reubii
542,https://gitlab.com/rpereira2
543,https://gitlab.com/kikeadio
544,https://twitter.com/kellyhair
545,https://gitlab.com/khair1
546,https://gitlab.com/akeelalogan
547,https://twitter.com/johnrhampton
548,https://gitlab.com/jhampton
549,https://twitter.com/_Scott_Hampton_
550,https://gitlab.com/shampton
551,https://gitlab.com/A_Sharma
552,https://gitlab.com/hphilipps
553,https://twitter.com/t4cc0re
554,https://gitlab.com/T4cC0re
555,https://twitter.com/sambigelow
556,https://gitlab.com/sbigelow
557,https://twitter.com/imrayana
558,https://gitlab.com/rverissimo
559,https://twitter.com/TyeD19
560,https://gitlab.com/davistye
561,https://twitter.com/tbarr
562,https://gitlab.com/twbarr
563,https://gitlab.com/anazir
564,https://twitter.com/nugeknows
565,https://gitlab.com/mnguyen4
566,https://twitter.com/aw412
567,https://gitlab.com/awaters3
568,https://twitter.com/bencodezen
569,https://gitlab.com/bencodezen
570,https://twitter.com/brandonlabs
571,https://gitlab.com/blabuschagne
572,https://twitter.com/kencjohnston
573,https://gitlab.com/kencjohnston
574,https://gitlab.com/loganking
575,https://gitlab.com/gitlab-rmitchell
576,https://gitlab.com/shaunmccann
577,https://twitter.com/dhong3
578,https://twitter.com/TetianaOfficial
579,https://gitlab.com/brytannia
580,https://twitter.com/BestEmilyCook
581,https://gitlab.com/ecook1
582,https://twitter.com/sarahvoegeli
583,https://gitlab.com/svoegeli
584,https://twitter.com/tristanrread
585,https://gitlab.com/tristan.read
586,https://gitlab.com/yguo
587,https://gitlab.com/engwan
588,https://twitter.com/ValerianoJoseph
589,https://gitlab.com/jvaleriano
590,https://gitlab.com/aseguillon
591,https://twitter.com/cnunez77
592,https://gitlab.com/cnunez
593,https://twitter.com/N_Tepluhina
594,https://gitlab.com/NataliaTepluhina
595,https://gitlab.com/lwbrown
596,https://twitter.com/peter.haitch
597,https://gitlab.com/phuynh
598,https://twitter.com/derekknox
599,https://gitlab.com/derek-knox
600,https://twitter.com/RyanONell2
601,https://gitlab.com/ronell
602,https://gitlab.com/pursultani
603,https://gitlab.com/farias-gl
604,https://twitter.com/NathanAFriend
605,https://gitlab.com/nfriend
606,https://gitlab.com/rajatgitlab
607,https://gitlab.com/GitLabJeff
608,https://twitter.com/john_cogs
609,https://gitlab.com/johncoghlan
610,https://twitter.com/ericbrinkman
611,https://gitlab.com/ebrinkman
612,https://twitter.com/darbyfrey
613,https://gitlab.com/darbyfrey
614,https://twitter.com/AgilePhil
615,https://gitlab.com/DevOpsPhil
616,https://gitlab.com/johncai
617,https://gitlab.com/bcupini
618,https://gitlab.com/Alexand
619,https://gitlab.com/jburrows001
620,https://twitter.com/ansdval
621,https://gitlab.com/ansdval
622,https://gitlab.com/pharrison
623,https://twitter.com/vittoriuz
624,https://gitlab.com/vzagorodny
625,https://twitter.com/theoretick
626,https://gitlab.com/theoretick
627,https://gitlab.com/ahoffbauer
628,https://gitlab.com/shaynes13
629,https://twitter.com/proglottis
630,https://gitlab.com/proglottis
631,https://gitlab.com/timnoah
632,https://twitter.com/rotarjenkins
633,https://gitlab.com/nsarosy
634,https://gitlab.com/mlebeau
635,https://twitter.com/Eric_TheITGuy
636,https://gitlab.com/eric_theitguy
637,https://twitter.com/l_d
638,https://gitlab.com/.luke
639,https://twitter.com/asktomislav
640,https://gitlab.com/tnikic
641,https://gitlab.com/jsalazar-gitlab
642,https://twitter.com/joshua_rector
643,https://gitlab.com/jrector
644,https://gitlab.com/syasonik
645,https://gitlab.com/cshobe
646,https://twitter.com/dectala
647,https://gitlab.com/jmcgrew1
648,https://gitlab.com/francispotter
649,https://gitlab.com/mwilliams2
650,https://twitter.com/theatlasroom
651,https://gitlab.com/ekigbo
652,https://twitter.com/afontaine_ca
653,https://gitlab.com/afontaine
654,https://gitlab.com/mfluharty
655,https://gitlab.com/patrickbajao
656,https://gitlab.com/vshushlin
657,https://twitter.com/zeffer
658,https://gitlab.com/zeffmorgan
659,https://gitlab.com/nlarue
660,https://gitlab.com/rkohnke
661,https://gitlab.com/pokstad1
662,https://twitter.com/alexmrv
663,https://gitlab.com/amrvaljevich
664,https://twitter.com/haileytheginger
665,https://gitlab.com/haileyrae
666,https://gitlab.com/monaelliott
667,https://twitter.com/maxtpower
668,https://gitlab.com/mpower
669,https://twitter.com/liammcnallyrec
670,https://gitlab.com/lmcnally1
671,https://gitlab.com/cteskey
672,https://gitlab.com/pderichs
673,https://twitter.com/theberbie
674,https://gitlab.com/sahbabou
675,https://gitlab.com/tigerwnz
676,https://twitter.com/rogiwodzard
677,https://gitlab.com/igor.drozdov
678,https://gitlab.com/cmcfarland
679,https://twitter.com/mishunov
680,https://gitlab.com/mishunov
681,https://gitlab.com/mwasilewski-gitlab
682,https://gitlab.com/clefelhocz1
683,https://twitter.com/jeffrideal
684,https://gitlab.com/jeffrideal
685,https://gitlab.com/sreed1
686,https://twitter.com/spouliquen
687,https://gitlab.com/spouliquen1
688,https://gitlab.com/kchasse
689,https://twitter.com/mattallenatx
690,https://gitlab.com/mallen001
691,https://gitlab.com/bchurch
692,https://gitlab.com/mlindsay
693,https://twitter.com/hugodazevedo
694,https://gitlab.com/hazevedo1
695,https://twitter.com/melsmo
696,https://gitlab.com/melsmo
697,https://gitlab.com/dcarroll2
698,https://twitter.com/danaeciousv
699,https://gitlab.com/danaeciousv
700,https://gitlab.com/ltrbojevic
701,https://gitlab.com/mayanktahil
702,https://twitter.com/clenneville
703,https://gitlab.com/clenneville
704,https://twitter.com/mdflorian
705,https://gitlab.com/markrian
706,https://twitter.com/gosiaczu
707,https://gitlab.com/mksionek
708,https://twitter.com/by_pluff
709,https://gitlab.com/pshutsin
710,https://twitter.com/_donaldcook
711,https://gitlab.com/donaldcook
712,https://gitlab.com/acroitor
713,https://twitter.com/virjinialexieva
714,https://gitlab.com/valexieva
715,https://gitlab.com/cferreira1
716,https://twitter.com/weimeng
717,https://gitlab.com/weimeng
718,https://gitlab.com/sjain
719,https://twitter.com/myqntm
720,https://gitlab.com/cathyr
721,https://twitter.com/jthomasburrows
722,https://gitlab.com/jthomasburrows
723,https://gitlab.com/ewegscheider
724,https://twitter.com/elcontotheway
725,https://gitlab.com/lconway
726,https://twitter.com/the_chrissie
727,https://gitlab.com/cbuchanan
728,https://twitter.com/enriquecastl
729,https://gitlab.com/ealcantara
730,https://gitlab.com/cnovello
731,https://gitlab.com/vladbudica
732,https://gitlab.com/cgudgenov
733,https://twitter.com/_madeleineclark
734,https://gitlab.com/mclark2
735,https://gitlab.com/tpazitny
736,https://twitter.com/superSGP
737,https://gitlab.com/sarahghp
738,https://twitter.com/rupertcdouglas
739,https://gitlab.com/rdouglas-gitlab
740,https://gitlab.com/crollison
741,https://twitter.com/rossfuhrman
742,https://gitlab.com/rossfuhrman
743,https://twitter.com/simplenomad
744,https://gitlab.com/mloveless
745,https://gitlab.com/jzelazny
746,https://twitter.com/DanielleMorrill
747,https://gitlab.com/dmor
748,https://twitter.com/Heatherswall
749,https://gitlab.com/hsimpson
750,https://twitter.com/Clint_II
751,https://gitlab.com/csprauve
752,https://twitter.com/kathrou77
753,https://gitlab.com/lisvinueza
754,https://twitter.com/davidhornik
755,https://twitter.com/htaneja
756,https://gitlab.com/igroenewegenmackintosh
757,https://gitlab.com/sdaily
758,https://twitter.com/ph3t_
759,https://gitlab.com/jbroullon
760,https://twitter.com/JeffersonJone16
761,https://gitlab.com/jjones
762,https://gitlab.com/rcobb
763,https://twitter.com/walmyrlimaesilv
764,https://gitlab.com/wlsf82
765,https://twitter.com/uhlexsis
766,https://gitlab.com/uhlexsis
767,https://gitlab.com/kmann
768,https://twitter.com/melodymaradiaga
769,https://gitlab.com/mmaradiaga
770,https://twitter.com/jzacharia
771,https://gitlab.com/jzacharia
772,https://twitter.com/itzikgb
773,https://gitlab.com/iganbaruch
774,https://gitlab.com/pauloakley
775,https://twitter.com/twoodham
776,https://gitlab.com/twoodham
777,https://gitlab.com/vwheeler
778,https://twitter.com/awgneo
779,https://gitlab.com/agroleau
780,https://twitter.com/lorilamb07
781,https://gitlab.com/llamb
782,https://twitter.com/laiuydfoiu
783,https://gitlab.com/greg
784,https://gitlab.com/riyer0019
785,https://gitlab.com/broyer1
786,https://twitter.com/Cris_Casella
787,https://gitlab.com/ccasella
788,https://gitlab.com/amberlammers
789,https://twitter.com/1kstithem
790,https://gitlab.com/kstithem
791,https://twitter.com/rjdickenson
792,https://gitlab.com/rdickenson
793,https://twitter.com/colinwfletcher
794,https://gitlab.com/cfletcher1
795,https://gitlab.com/jagood
796,https://twitter.com/xanf_ua
797,https://gitlab.com/xanf
798,https://twitter.com/mvremmerden
799,https://gitlab.com/mvanremmerden
800,https://gitlab.com/joshikripa
801,https://twitter.com/qrasio
802,https://gitlab.com/krasio
803,https://twitter.com/loowho11
804,https://gitlab.com/cwalsh11
805,https://twitter.com/TechBradD
806,https://gitlab.com/bdowney
807,https://twitter.com/bartekmarnane
808,https://gitlab.com/bmarnane
809,https://gitlab.com/atkach1
810,https://gitlab.com/cablett
811,https://gitlab.com/ssilmon
812,https://twitter.com/eggshellcullen
813,https://gitlab.com/eggshell
814,https://gitlab.com/adesai1
815,https://gitlab.com/sdelea
816,https://gitlab.com/tknudsen
817,https://twitter.com/davemuni
818,https://twitter.com/mterhar
819,https://gitlab.com/mterhar
820,https://gitlab.com/vkarnes
821,https://gitlab.com/mbenza
822,https://gitlab.com/cdu1
823,https://gitlab.com/pgascouvaillancourt
824,https://gitlab.com/yofeldstein
825,https://gitlab.com/kyletsmith
826,https://gitlab.com/cmiskell
827,https://gitlab.com/mpyle
828,https://twitter.com/hapapower
829,https://gitlab.com/dsakamoto
830,https://twitter.com/kerrizor
831,https://gitlab.com/kerrizor
832,https://gitlab.com/dchevalier2
833,https://gitlab.com/tlavi
834,https://gitlab.com/cwilliams3
835,https://twitter.com/violaken
836,https://gitlab.com/kmcknight
837,https://twitter.com/tim_rizzi
838,https://gitlab.com/trizzi
839,https://gitlab.com/asoborov
840,https://twitter.com/Whekl
841,https://gitlab.com/EWhelchel
842,https://twitter.com/sarahwaldner25
843,https://gitlab.com/sarahwaldner
844,https://gitlab.com/bgal
845,https://twitter.com/Sam80902065
846,https://gitlab.com/skamani
847,https://gitlab.com/viktomas
848,https://gitlab.com/Chris.loudon
849,https://twitter.com/ShaneBouchard
850,https://gitlab.com/sbouchard1
851,https://gitlab.com/mwilkins
852,https://twitter.com/fabiopitino
853,https://gitlab.com/fabiopitino
854,https://twitter.com/mendeni
855,https://gitlab.com/mendeni
856,https://twitter.com/captain_eli
857,https://gitlab.com/eli_kastelein
858,https://gitlab.com/dcroft
859,https://gitlab.com/craigf
860,https://twitter.com/sarakassabian
861,https://gitlab.com/skassabian
862,null
863,https://gitlab.com/phikai
864,https://gitlab.com/lwebster
865,null
866,https://gitlab.com//jobs/
